{
	"home":
	{
		"door":
		{
			"close": [[3.4, 4, 0], [0, 0, 0]],
			"open": [[3.9, 4.4, 0], [0, 0, 1.57]]
		},
		"fridge": 
		{
			"close": [[-2.5, 4.2, 0], [0, 0, 0]],
			"open": [[-2.9, 3.9, 0], [0, 0, -1.57]]
		},
		"cupboard": 
		{
			"close": [[-2.5, -4.2, 0], [0, 0, 0]],
			"open": [[-3, -3.8, 0], [0, 0, 1.57]]
		},
		"paper": 
		{
			"stuck": [[-3, 3, 1], [-1.57079632679, 1.57079632679, 1.57079632679]]
		},
		"paper2": 
		{
			"stuck": [[-3, 3, 1], [-1.57079632679, 1.57079632679, 1.57079632679]]
		}
	},
	"factory":
	{
		"lift":
		{
			"down": [[-3.5,-0.45,0.0], [0, 0, 0]],
			"up": [[-3.5,-0.45,0.9], [0, 0, 0]]
		},
		"cupboard": 
		{
			"close": [[-2.5, -4.5, 0], [0, 0, 0]],
			"open": [[-3, -3.5, 0], [0, 0, 1.57]]
		},
		"paper": 
		{
			"stuck": [[-4.4, 3, 2], [-1.57079632679, 1.57079632679, 1.57079632679]]
		},
		"board": 
		{
			"stuck": [[-4.3, 3.1, 1.5], [0, 0, 0]]
		}
	}
}